/products.html /src/pages/Products.html 200
/contact.html /src/pages/Contact.html 200
/trust-safety.html /src/pages/TrustSafetyPage.html 200
/cart.html /src/pages/Cart.html 200
/checkout.html /src/pages/Checkout.html 200
/confirmation.html /src/pages/Confirmation.html 200
/ /index.html 200
